path,sha256,sheet,rows,columns,status,note
notes/data_structure.xlsx,fc6c00b8d4ed71d1ded307f6f9025a6d2f14ac2d46d8f212d0fc7e5dc646c878,Plan1,181,4,read,
notes/data dictionary/dicionario_PNADC_microdados_2022_visita1_20231129.xls,63f4173be4da301c4b45f6e76ff156bd4d86d0acb2105a54d0c4dc3403502256,dicionário pnad contínua ,1328,8,read,
notes/data dictionary/dicionario_PNADC_microdados_2025_visita1_20260508.xls,a608033bdb65cc078cc931eb564e44a0048ae802632636fee8d82dec65df6286,dicionário pnad contínua ,1302,8,read,
notes/data dictionary/dicionario_PNS_microdados_2019_23062023.xls,4c5fbac4b422cd85c3a6819e3f0d1cf6d83965bba4150a42f65b5d5e03412efd,dicionário pns,5224,7,read,
notes/data dictionary/Dicionario-de-variaveis_PNS-2013.xlsx,776c12751ed66e1dbbc7ff5ee64a135078de5ee2b3bc9122cd3963444e3ef256,PNS 2013,4096,4,read,
notes/data dictionary/PNAD_Continua_2016_Rendimento_de_Todas_as_Fontes.xls,b142ea294be0a60254fab80df3d8469822cfc7d4978b8d39921629c17bedeed9,Sumário,91,3,read,
notes/data dictionary/PNAD_Continua_2016_Rendimento_de_Todas_as_Fontes.xls,b142ea294be0a60254fab80df3d8469822cfc7d4978b8d39921629c17bedeed9,Plano Tabular Rendimento,34161,254,read,
notes/data dictionary/pnadc_201501_mensal_atualizado_em_08052015.xls,eeb5a3a8493ee0c5c26cd3123400d015d5a3817789665f76c18563b6214529d4,PNAD Contínua,16,1,read,
notes/data dictionary/pnadc_201501_mensal_atualizado_em_08052015.xls,eeb5a3a8493ee0c5c26cd3123400d015d5a3817789665f76c18563b6214529d4,Sumário,43,3,read,
notes/data dictionary/pnadc_201501_mensal_atualizado_em_08052015.xls,eeb5a3a8493ee0c5c26cd3123400d015d5a3817789665f76c18563b6214529d4,1 - Introdução,3,1,read,
notes/data dictionary/pnadc_201501_mensal_atualizado_em_08052015.xls,eeb5a3a8493ee0c5c26cd3123400d015d5a3817789665f76c18563b6214529d4,2 - Notas técnicas,117,19,read,
notes/data dictionary/pnadc_201501_mensal_atualizado_em_08052015.xls,eeb5a3a8493ee0c5c26cd3123400d015d5a3817789665f76c18563b6214529d4,3 - Glossário,97,2,read,
notes/data dictionary/pnadc_201501_mensal_atualizado_em_08052015.xls,eeb5a3a8493ee0c5c26cd3123400d015d5a3817789665f76c18563b6214529d4,Tabelas e gráficos,4,1,read,
notes/data dictionary/pnadc_201501_mensal_atualizado_em_08052015.xls,eeb5a3a8493ee0c5c26cd3123400d015d5a3817789665f76c18563b6214529d4,4 - Tabela 1,48,15,read,
notes/data dictionary/pnadc_201501_mensal_atualizado_em_08052015.xls,eeb5a3a8493ee0c5c26cd3123400d015d5a3817789665f76c18563b6214529d4,5 - Gráfico 1,35,1,read,
notes/data dictionary/pnadc_201501_mensal_atualizado_em_08052015.xls,eeb5a3a8493ee0c5c26cd3123400d015d5a3817789665f76c18563b6214529d4,6 - Tabela 2,48,15,read,
notes/data dictionary/pnadc_201501_mensal_atualizado_em_08052015.xls,eeb5a3a8493ee0c5c26cd3123400d015d5a3817789665f76c18563b6214529d4,7 - Gráfico 2,35,1,read,
notes/data dictionary/pnadc_201501_mensal_atualizado_em_08052015.xls,eeb5a3a8493ee0c5c26cd3123400d015d5a3817789665f76c18563b6214529d4,8 - Tabela 3,48,15,read,
notes/data dictionary/pnadc_201501_mensal_atualizado_em_08052015.xls,eeb5a3a8493ee0c5c26cd3123400d015d5a3817789665f76c18563b6214529d4,9 - Gráfico 3,35,1,read,
notes/data dictionary/pnadc_201501_mensal_atualizado_em_08052015.xls,eeb5a3a8493ee0c5c26cd3123400d015d5a3817789665f76c18563b6214529d4,10 - Tabela 4,48,15,read,
notes/data dictionary/pnadc_201501_mensal_atualizado_em_08052015.xls,eeb5a3a8493ee0c5c26cd3123400d015d5a3817789665f76c18563b6214529d4,11 - Gráfico 4,35,1,read,
notes/data dictionary/pnadc_201501_mensal_atualizado_em_08052015.xls,eeb5a3a8493ee0c5c26cd3123400d015d5a3817789665f76c18563b6214529d4,12 - Tabela 5,48,15,read,
notes/data dictionary/pnadc_201501_mensal_atualizado_em_08052015.xls,eeb5a3a8493ee0c5c26cd3123400d015d5a3817789665f76c18563b6214529d4,13 - Gráfico 5,35,1,read,
notes/data dictionary/pnadc_201501_mensal_atualizado_em_08052015.xls,eeb5a3a8493ee0c5c26cd3123400d015d5a3817789665f76c18563b6214529d4,14 - Tabela 6,48,15,read,
notes/data dictionary/pnadc_201501_mensal_atualizado_em_08052015.xls,eeb5a3a8493ee0c5c26cd3123400d015d5a3817789665f76c18563b6214529d4,15 - Gráfico 6,35,1,read,
notes/data dictionary/pnadc_201501_mensal_atualizado_em_08052015.xls,eeb5a3a8493ee0c5c26cd3123400d015d5a3817789665f76c18563b6214529d4,16 - Tabela 7,48,13,read,
notes/data dictionary/pnadc_201501_mensal_atualizado_em_08052015.xls,eeb5a3a8493ee0c5c26cd3123400d015d5a3817789665f76c18563b6214529d4,17 - Gráfico 7,35,1,read,
notes/data dictionary/pnadc_201501_mensal_atualizado_em_08052015.xls,eeb5a3a8493ee0c5c26cd3123400d015d5a3817789665f76c18563b6214529d4,18 - Tabela 8,48,13,read,
notes/data dictionary/pnadc_201501_mensal_atualizado_em_08052015.xls,eeb5a3a8493ee0c5c26cd3123400d015d5a3817789665f76c18563b6214529d4,19 - Gráfico 8,35,1,read,
notes/data dictionary/pnadc_201501_mensal_atualizado_em_08052015.xls,eeb5a3a8493ee0c5c26cd3123400d015d5a3817789665f76c18563b6214529d4,20 - Tabela 9,48,13,read,
notes/data dictionary/pnadc_201501_mensal_atualizado_em_08052015.xls,eeb5a3a8493ee0c5c26cd3123400d015d5a3817789665f76c18563b6214529d4,21 - Gráfico 9,35,1,read,
notes/data dictionary/pnadc_201501_mensal_atualizado_em_08052015.xls,eeb5a3a8493ee0c5c26cd3123400d015d5a3817789665f76c18563b6214529d4,22 - Tabela 10,48,13,read,
notes/data dictionary/pnadc_201501_mensal_atualizado_em_08052015.xls,eeb5a3a8493ee0c5c26cd3123400d015d5a3817789665f76c18563b6214529d4,23 - Gráfico 10,35,1,read,
notes/data dictionary/pnadc_201501_mensal_atualizado_em_08052015.xls,eeb5a3a8493ee0c5c26cd3123400d015d5a3817789665f76c18563b6214529d4,24 - Tabela 11,50,21,read,
notes/data dictionary/pnadc_201501_mensal_atualizado_em_08052015.xls,eeb5a3a8493ee0c5c26cd3123400d015d5a3817789665f76c18563b6214529d4,25 - Gráfico 11,35,2,read,
notes/data dictionary/pnadc_201501_mensal_atualizado_em_08052015.xls,eeb5a3a8493ee0c5c26cd3123400d015d5a3817789665f76c18563b6214529d4,26 - Tabela 12,50,22,read,
notes/data dictionary/pnadc_201501_mensal_atualizado_em_08052015.xls,eeb5a3a8493ee0c5c26cd3123400d015d5a3817789665f76c18563b6214529d4,27 - Gráfico 12,35,2,read,
notes/data dictionary/pnadc_201501_mensal_atualizado_em_08052015.xls,eeb5a3a8493ee0c5c26cd3123400d015d5a3817789665f76c18563b6214529d4,28 - Tabela 13,50,21,read,
notes/data dictionary/pnadc_201501_mensal_atualizado_em_08052015.xls,eeb5a3a8493ee0c5c26cd3123400d015d5a3817789665f76c18563b6214529d4,29 - Gráfico 13,35,2,read,
notes/data dictionary/pnadc_201501_mensal_atualizado_em_08052015.xls,eeb5a3a8493ee0c5c26cd3123400d015d5a3817789665f76c18563b6214529d4,30 - Tabela 14,50,22,read,
notes/data dictionary/pnadc_201501_mensal_atualizado_em_08052015.xls,eeb5a3a8493ee0c5c26cd3123400d015d5a3817789665f76c18563b6214529d4,31 - Gráfico 14,35,2,read,
notes/data dictionary/pnadc_201501_mensal_atualizado_em_08052015.xls,eeb5a3a8493ee0c5c26cd3123400d015d5a3817789665f76c18563b6214529d4,32 - Tabela 15,50,21,read,
notes/data dictionary/pnadc_201501_mensal_atualizado_em_08052015.xls,eeb5a3a8493ee0c5c26cd3123400d015d5a3817789665f76c18563b6214529d4,33 - Gráfico 15,35,2,read,
notes/data dictionary/pnadc_201501_mensal_atualizado_em_08052015.xls,eeb5a3a8493ee0c5c26cd3123400d015d5a3817789665f76c18563b6214529d4,34 - Tabela 16,50,22,read,
notes/data dictionary/pnadc_201501_mensal_atualizado_em_08052015.xls,eeb5a3a8493ee0c5c26cd3123400d015d5a3817789665f76c18563b6214529d4,35 - Gráfico 16,35,2,read,
notes/data dictionary/pnadc_201501_mensal_atualizado_em_08052015.xls,eeb5a3a8493ee0c5c26cd3123400d015d5a3817789665f76c18563b6214529d4,36 - Tabela 17,52,21,read,
notes/data dictionary/pnadc_201501_mensal_atualizado_em_08052015.xls,eeb5a3a8493ee0c5c26cd3123400d015d5a3817789665f76c18563b6214529d4,37 - Gráfico 17,35,2,read,
notes/data dictionary/pnadc_201501_mensal_atualizado_em_08052015.xls,eeb5a3a8493ee0c5c26cd3123400d015d5a3817789665f76c18563b6214529d4,38 - Tabela 18,52,22,read,
notes/data dictionary/pnadc_201501_mensal_atualizado_em_08052015.xls,eeb5a3a8493ee0c5c26cd3123400d015d5a3817789665f76c18563b6214529d4,39 - Gráfico 18,35,2,read,
notes/data dictionary/Variaveis_PNADC_Anual_Visita.xls,0773e7af54c471587ba80bc6e7e666ba3421b8a70546bc8200094cbb5231fef3,PNADC_anual_visita5,586,10,read,
notes/data dictionary/Variaveis_PNADC_Anual_Visita.xls,0773e7af54c471587ba80bc6e7e666ba3421b8a70546bc8200094cbb5231fef3,PNADC_anual_visita2,657,5,read,
notes/data dictionary/Variaveis_PNADC_Anual_Visita.xls,0773e7af54c471587ba80bc6e7e666ba3421b8a70546bc8200094cbb5231fef3,PNADC_anual_visita1,556,13,read,
notes/data dictionary/Variaveis_PNADC_Trimestral.xls,a88f3b1b34860f6a2c82db88beb8fb02cd02b70d571a6ef9a97587b36dbe626e,PNADC_trimestral,421,58,read,
