artifact,sha256,scope
outputs/audit/SINASC_DAILY_G0_ANNUAL.csv,2b924421b36454b31e341485eda80127b16e4b7a55d162e9cc6a6aa11059f662,G0_only_no_effect_estimation
outputs/audit/SINASC_DAILY_G0_MONTHLY_PROFILE.csv,918d9aba3f78f197772c96c55b7e1ae9e3e57ac8698c2ac3d4710123fc58b810,G0_only_no_effect_estimation
outputs/audit/SINASC_DAILY_G0_DATE_QUALITY_BY_STATUS.csv,81bdd50d60241026813251344b431950b787428c3826afafd38205d1f6fb0ed0,G0_only_no_effect_estimation
outputs/audit/SINASC_DAILY_G0_SIDE_QUALITY.csv,061d1e96624a6842ebb0ef182761eeb2cb702258d09e5556ef81b7b8579f2d6f,G0_only_no_effect_estimation
outputs/audit/SINASC_DAILY_G0_ERA_SIDE_QUALITY.csv,a58b807ca378cf842878ecf769a20dd1f42367d0f730b884da0b661395452c1a,G0_only_no_effect_estimation
outputs/audit/SINASC_DAILY_G0_BAND_COUNTS.csv,926a5b7b3e08e3d53f38acd81f843f9e87252ec8ecbd6fddb6fdfea8066af943,G0_only_no_effect_estimation
outputs/audit/SINASC_DAILY_G0_ANCHOR_RECONCILIATION.csv,69cf960cdd56ebe694e4b3a935cb0a395f1271dc38f65d6e5c9ecb795d3abeb0,G0_only_no_effect_estimation
outputs/audit/SINASC_DAILY_GATE_STATUS.csv,faf910c6ba7789fd639fd4b210a3d918fec22292b0e11670cacc812397226ef2,G0_only_no_effect_estimation
outputs/analysis/SINASC_DAILY_GATE_G0.md,82b42afe97e727ba58813645ef85016a657128b50ce8f589151e82df2c261a05,G0_only_no_effect_estimation
