year,official_total,anchor_role,use_for_gate,institution,source_title,source_url,vintage_note,accessed_at
2016,2857800,comparable_final,TRUE,Ministerio da Saude,Saude Brasil 2022 - Grafico 1,https://www.gov.br/saude/pt-br/centrais-de-conteudo/publicacoes/svsa/anomalias-congenitas/saude-brasil-2022-analise-da-situacao-de-saude-e-uma-visao-integrada-sobre-os-fatores-de-risco-para-anomalias-congenitas/@@download/file/af_saude%2520brasil_2022_analise_21mar23_isbn.pdf,"Serie SINASC 2011-2021; valor fechado publicado para 2016",2026-09-04
2017,2923535,comparable_final,TRUE,Ministerio da Saude,Saude Brasil 2022 - Grafico 1,https://www.gov.br/saude/pt-br/centrais-de-conteudo/publicacoes/svsa/anomalias-congenitas/saude-brasil-2022-analise-da-situacao-de-saude-e-uma-visao-integrada-sobre-os-fatores-de-risco-para-anomalias-congenitas/@@download/file/af_saude%2520brasil_2022_analise_21mar23_isbn.pdf,"Serie SINASC 2011-2021; valor fechado publicado para 2017",2026-09-04
2018,2944932,comparable_final,TRUE,Ministerio da Saude,Saude Brasil 2022 - Grafico 1,https://www.gov.br/saude/pt-br/centrais-de-conteudo/publicacoes/svsa/anomalias-congenitas/saude-brasil-2022-analise-da-situacao-de-saude-e-uma-visao-integrada-sobre-os-fatores-de-risco-para-anomalias-congenitas/@@download/file/af_saude%2520brasil_2022_analise_21mar23_isbn.pdf,"Serie SINASC 2011-2021; valor fechado publicado para 2018",2026-09-04
2022,2561922,comparable_final,TRUE,Ministerio da Saude,Painel de Monitoramento de Nascidos Vivos - Grupos de Robson,https://svs.aids.gov.br/daent/centrais-de-conteudos/paineis-de-monitoramento/natalidade/grupos-de-robson/,"Tabulacao oficial; fonte SINASC atualizada em outubro de 2025",2026-09-04
2023,2537576,comparable_final,TRUE,Ministerio da Saude,Painel de Monitoramento de Nascidos Vivos - Grupos de Robson,https://svs.aids.gov.br/daent/centrais-de-conteudos/paineis-de-monitoramento/natalidade/grupos-de-robson/,"Tabulacao oficial; fonte SINASC atualizada em outubro de 2025",2026-09-04
2024,2389325,comparable_independent_extract,TRUE,Fiocruz ICICT,Nota PCDaS - atualizacao das bases do SIM e do SINASC,https://www.icict.fiocruz.br/noticias/nota-pcdas-atualizacao-das-bases-do-sim-e-do-sinasc,"ETL independente dos dados disponibilizados oficialmente pelo DATASUS; publicado em 2026-02-25",2026-09-04
2023,2536281,context_preliminary,FALSE,Ministerio da Saude,Relatorio de Gestao Integrado 2025,https://www.gov.br/saude/pt-br/acesso-a-informacao/auditorias/2025/relatorio-de-gestao-integrado,"PNTN; apurado em 2025-07-25; difere da tabulacao SINASC final",2026-09-04
2024,2384438,context_preliminary,FALSE,Ministerio da Saude,Relatorio de Gestao Integrado 2025,https://www.gov.br/saude/pt-br/acesso-a-informacao/auditorias/2025/relatorio-de-gestao-integrado,"PNTN; dado SINASC explicitamente preliminar, apurado em 2025-07-25",2026-09-04
2024,2481436,context_preliminary,FALSE,Ministerio da Saude,Relatorio Anual de Gestao 2024,https://bvsms.saude.gov.br/bvs/publicacoes/relatorio_anual_gestao_2024.pdf,"Dado SINASC explicitamente preliminar; publicacao anterior ao arquivo anual final",2026-09-04
